DriverNumber,Driver,LapNumber,Compound,TyreLife,Sector1Time,Sector2Time,Sector3Time,LapTime
1,VER,1.0,MEDIUM,1.0,,29.908,47.019,111.344
1,VER,2.0,MEDIUM,2.0,55.914,43.653,41.69,141.257
1,VER,3.0,MEDIUM,3.0,51.955,42.864,42.571,137.39
1,VER,4.0,MEDIUM,4.0,48.051,42.711,62.317,
1,VER,5.0,MEDIUM,5.0,32.248,29.054,25.422,86.724
1,VER,6.0,MEDIUM,6.0,32.141,29.044,25.317,86.502
1,VER,7.0,MEDIUM,7.0,32.062,28.973,25.341,86.376
1,VER,8.0,MEDIUM,8.0,32.029,29.033,25.218,86.28
1,VER,9.0,MEDIUM,9.0,31.963,29.032,25.205,86.2
1,VER,10.0,MEDIUM,10.0,31.908,29.002,25.063,85.973
1,VER,11.0,MEDIUM,11.0,31.923,28.93,24.955,85.808
1,VER,12.0,MEDIUM,12.0,31.866,29.005,25.032,85.903
1,VER,13.0,MEDIUM,13.0,31.903,28.955,24.985,85.843
1,VER,14.0,MEDIUM,14.0,31.899,28.998,24.915,85.812
1,VER,15.0,MEDIUM,15.0,31.819,28.962,24.917,85.698
1,VER,16.0,MEDIUM,16.0,31.776,28.999,24.83,85.605
1,VER,17.0,MEDIUM,17.0,31.727,28.954,24.779,85.46
1,VER,18.0,MEDIUM,18.0,31.6,28.89,24.589,85.079
1,VER,19.0,MEDIUM,19.0,31.713,28.894,24.702,85.309
1,VER,20.0,MEDIUM,20.0,31.57,28.845,24.481,84.896
1,VER,21.0,MEDIUM,21.0,31.578,28.803,24.589,84.97
1,VER,22.0,MEDIUM,22.0,31.559,28.869,24.48,84.908
1,VER,23.0,MEDIUM,23.0,31.542,28.855,24.459,84.856
1,VER,24.0,MEDIUM,24.0,31.522,28.842,24.461,84.825
1,VER,25.0,MEDIUM,25.0,31.487,28.807,24.408,84.702
1,VER,26.0,MEDIUM,26.0,31.528,28.774,24.473,84.775
1,VER,27.0,MEDIUM,27.0,31.48,28.776,24.464,84.72
1,VER,28.0,MEDIUM,28.0,31.554,28.728,24.437,84.719
1,VER,29.0,MEDIUM,29.0,31.506,28.938,24.417,84.861
1,VER,30.0,MEDIUM,30.0,32.006,28.661,24.46,85.127
1,VER,31.0,MEDIUM,31.0,31.331,28.66,24.422,84.413
1,VER,32.0,MEDIUM,32.0,31.35,28.605,24.472,84.427
1,VER,33.0,MEDIUM,33.0,31.382,28.648,24.32,84.35
1,VER,34.0,MEDIUM,34.0,31.402,28.639,24.427,84.468
1,VER,35.0,MEDIUM,35.0,31.358,28.651,32.298,92.307
1,VER,36.0,HARD,1.0,63.617,52.4,53.138,
1,VER,37.0,HARD,2.0,73.984,45.776,48.892,
1,VER,38.0,HARD,3.0,64.647,45.118,41.324,
1,VER,39.0,HARD,4.0,52.041,42.307,51.805,146.153
1,VER,40.0,HARD,5.0,32.495,28.608,38.333,99.436
1,VER,41.0,HARD,6.0,45.761,45.063,45.252,136.076
1,VER,42.0,HARD,7.0,49.03,43.045,57.008,149.083
1,VER,43.0,HARD,8.0,31.8,28.273,24.436,84.509
1,VER,44.0,HARD,9.0,31.171,28.141,24.221,83.533
1,VER,45.0,HARD,10.0,31.026,28.21,24.157,83.393
1,VER,46.0,HARD,11.0,31.045,28.104,24.221,83.37
1,VER,47.0,HARD,12.0,31.11,28.072,24.121,83.303
1,VER,48.0,HARD,13.0,31.055,28.226,24.142,83.423
1,VER,49.0,HARD,14.0,31.01,28.159,24.299,83.468
1,VER,50.0,HARD,15.0,31.006,28.109,24.206,83.321
1,VER,51.0,HARD,16.0,30.912,28.078,24.053,83.043
1,VER,52.0,HARD,17.0,30.936,28.109,24.117,83.162
1,VER,53.0,HARD,18.0,30.833,28.166,24.133,83.132
1,VER,54.0,HARD,19.0,30.855,28.119,24.032,83.006
1,VER,55.0,HARD,20.0,30.904,28.005,23.996,82.905
1,VER,56.0,HARD,21.0,30.895,28.11,24.364,83.369
1,VER,57.0,HARD,22.0,30.933,28.157,24.686,83.776
16,LEC,1.0,MEDIUM,2.0,,38.757,42.509,117.439
16,LEC,2.0,MEDIUM,3.0,54.07,43.798,44.207,142.075
16,LEC,3.0,MEDIUM,4.0,50.121,41.569,45.798,137.488
16,LEC,4.0,MEDIUM,5.0,45.627,42.117,59.814,147.558
16,LEC,5.0,MEDIUM,6.0,33.653,29.814,25.735,89.202
16,LEC,6.0,MEDIUM,7.0,32.56,29.402,25.594,87.556
16,LEC,7.0,MEDIUM,8.0,32.159,29.388,25.34,86.887
16,LEC,8.0,MEDIUM,9.0,32.33,29.473,25.387,87.19
16,LEC,9.0,MEDIUM,10.0,32.197,29.377,25.34,86.914
16,LEC,10.0,MEDIUM,11.0,32.068,29.169,25.198,86.435
16,LEC,11.0,MEDIUM,12.0,31.915,29.269,25.197,86.381
16,LEC,12.0,MEDIUM,13.0,31.875,29.219,24.933,86.027
16,LEC,13.0,MEDIUM,14.0,32.054,29.187,25.031,86.272
16,LEC,14.0,MEDIUM,15.0,31.876,29.037,24.747,85.66
16,LEC,15.0,MEDIUM,16.0,31.883,29.046,24.876,85.805
16,LEC,16.0,MEDIUM,17.0,31.922,29.198,24.81,85.93
16,LEC,17.0,MEDIUM,18.0,31.863,29.125,24.847,85.835
16,LEC,18.0,MEDIUM,19.0,31.752,29.048,24.696,85.496
16,LEC,19.0,MEDIUM,20.0,31.887,29.087,24.673,85.647
16,LEC,20.0,MEDIUM,21.0,31.821,28.965,24.681,85.467
16,LEC,21.0,MEDIUM,22.0,31.748,28.898,24.677,85.323
16,LEC,22.0,MEDIUM,23.0,31.662,28.897,24.477,85.036
16,LEC,23.0,MEDIUM,24.0,31.662,29.006,24.521,85.189
16,LEC,24.0,MEDIUM,25.0,31.655,28.877,24.601,85.133
16,LEC,25.0,MEDIUM,26.0,31.564,28.87,24.367,84.801
16,LEC,26.0,MEDIUM,27.0,31.672,28.929,24.498,85.099
16,LEC,27.0,MEDIUM,28.0,31.465,28.901,24.383,84.749
16,LEC,28.0,MEDIUM,29.0,31.573,28.791,24.545,84.909
16,LEC,29.0,MEDIUM,30.0,31.477,28.748,24.428,84.653
16,LEC,30.0,MEDIUM,31.0,31.981,28.766,24.421,85.168
16,LEC,31.0,MEDIUM,32.0,31.474,28.892,24.344,84.71
16,LEC,32.0,MEDIUM,33.0,31.562,28.768,24.349,84.679
16,LEC,33.0,MEDIUM,34.0,31.545,28.902,24.453,84.9
16,LEC,34.0,MEDIUM,35.0,31.54,28.825,24.389,84.754
16,LEC,35.0,MEDIUM,36.0,31.539,28.73,38.246,98.515
16,LEC,36.0,HARD,1.0,64.967,40.64,52.116,
16,LEC,37.0,HARD,2.0,70.334,43.905,52.726,
16,LEC,38.0,HARD,3.0,61.958,43.783,42.609,148.35
16,LEC,39.0,HARD,4.0,50.281,43.403,49.134,142.818
16,LEC,40.0,HARD,5.0,33.413,29.072,39.486,101.971
16,LEC,41.0,HARD,6.0,44.813,44.529,46.272,135.614
16,LEC,42.0,HARD,7.0,48.028,44.534,54.563,147.125
16,LEC,43.0,HARD,8.0,32.572,28.788,24.494,85.854
16,LEC,44.0,HARD,9.0,31.374,28.396,24.242,84.012
16,LEC,45.0,HARD,10.0,31.343,28.436,24.158,83.937
16,LEC,46.0,HARD,11.0,31.268,28.332,24.065,83.665
16,LEC,47.0,HARD,12.0,31.359,28.253,24.11,83.722
16,LEC,48.0,HARD,13.0,31.299,28.371,24.01,83.68
16,LEC,49.0,HARD,14.0,31.173,28.347,23.95,83.47
16,LEC,50.0,HARD,15.0,31.154,28.229,24.022,83.405
16,LEC,51.0,HARD,16.0,31.128,28.275,23.929,83.332
16,LEC,52.0,HARD,17.0,31.076,28.757,23.887,83.72
16,LEC,53.0,HARD,18.0,31.086,28.252,23.904,83.242
16,LEC,54.0,HARD,19.0,31.144,28.352,23.958,83.454
16,LEC,55.0,HARD,20.0,31.171,28.328,23.999,83.498
16,LEC,56.0,HARD,21.0,31.124,28.343,23.889,83.356
16,LEC,57.0,HARD,22.0,31.086,28.407,24.066,83.559
81,PIA,1.0,MEDIUM,1.0,,40.081,41.779,118.513
81,PIA,2.0,MEDIUM,2.0,53.604,44.96,44.349,142.913
81,PIA,3.0,MEDIUM,3.0,49.601,41.016,47.09,137.707
81,PIA,4.0,MEDIUM,4.0,45.489,41.218,58.919,145.626
81,PIA,5.0,MEDIUM,5.0,32.822,29.372,25.409,87.603
81,PIA,6.0,MEDIUM,6.0,32.629,29.384,25.007,87.02
81,PIA,7.0,MEDIUM,7.0,32.47,29.302,25.079,86.851
81,PIA,8.0,MEDIUM,8.0,32.043,29.38,24.899,86.322
81,PIA,9.0,MEDIUM,9.0,32.142,29.364,24.958,86.464
81,PIA,10.0,MEDIUM,10.0,31.967,29.307,24.895,86.169
81,PIA,11.0,MEDIUM,11.0,32.188,29.308,24.886,86.382
81,PIA,12.0,MEDIUM,12.0,31.934,29.424,24.93,86.288
81,PIA,13.0,MEDIUM,13.0,32.002,29.21,24.823,86.035
81,PIA,14.0,MEDIUM,14.0,32.007,29.315,24.734,86.056
81,PIA,15.0,MEDIUM,15.0,31.877,29.279,24.647,85.803
81,PIA,16.0,MEDIUM,16.0,31.891,29.275,25.308,86.474
81,PIA,17.0,MEDIUM,17.0,32.076,29.173,24.782,86.031
81,PIA,18.0,MEDIUM,18.0,31.932,29.068,24.703,85.703
81,PIA,19.0,MEDIUM,19.0,31.888,28.981,24.625,85.494
81,PIA,20.0,MEDIUM,20.0,31.91,28.97,24.637,85.517
81,PIA,21.0,MEDIUM,21.0,31.824,28.953,24.589,85.366
81,PIA,22.0,MEDIUM,22.0,31.596,29.125,24.497,85.218
81,PIA,23.0,MEDIUM,23.0,31.782,29.242,24.61,85.634
81,PIA,24.0,MEDIUM,24.0,31.398,28.788,24.564,84.75
81,PIA,25.0,MEDIUM,25.0,31.783,28.772,24.342,84.897
81,PIA,26.0,MEDIUM,26.0,31.744,28.781,24.373,84.898
81,PIA,27.0,MEDIUM,27.0,31.599,28.738,24.39,84.727
81,PIA,28.0,MEDIUM,28.0,31.632,28.69,24.388,84.71
81,PIA,29.0,MEDIUM,29.0,31.568,28.744,24.449,84.761
81,PIA,30.0,MEDIUM,30.0,32.024,28.701,24.404,85.129
81,PIA,31.0,MEDIUM,31.0,31.714,28.831,24.338,84.883
81,PIA,32.0,MEDIUM,32.0,31.769,28.717,24.408,84.894
81,PIA,33.0,MEDIUM,33.0,31.705,28.931,24.648,85.284
81,PIA,34.0,MEDIUM,34.0,31.509,28.84,28.991,89.34
81,PIA,35.0,HARD,1.0,53.714,41.093,32.817,127.624
81,PIA,36.0,HARD,2.0,46.143,39.986,42.011,128.14
81,PIA,37.0,HARD,3.0,69.279,43.491,52.77,
81,PIA,38.0,HARD,4.0,62.141,42.837,43.302,148.28
81,PIA,39.0,HARD,5.0,49.714,43.67,48.488,141.872
81,PIA,40.0,HARD,6.0,33.687,29.843,39.848,103.378
81,PIA,41.0,HARD,7.0,44.157,44.77,46.883,135.81
81,PIA,42.0,HARD,8.0,47.357,44.528,53.993,145.878
81,PIA,43.0,HARD,9.0,32.589,28.879,24.648,86.116
81,PIA,44.0,HARD,10.0,31.523,28.442,24.336,84.301
81,PIA,45.0,HARD,11.0,31.39,28.358,24.232,83.98
81,PIA,46.0,HARD,12.0,31.303,28.432,24.174,83.909
81,PIA,47.0,HARD,13.0,31.175,28.317,24.076,83.568
81,PIA,48.0,HARD,14.0,31.266,28.279,24.079,83.624
81,PIA,49.0,HARD,15.0,31.178,28.361,24.084,83.623
81,PIA,50.0,HARD,16.0,31.238,28.314,24.073,83.625
81,PIA,51.0,HARD,17.0,31.026,28.232,23.96,83.218
81,PIA,52.0,HARD,18.0,31.164,28.287,24.027,83.478
81,PIA,53.0,HARD,19.0,31.087,28.409,24.027,83.523
81,PIA,54.0,HARD,20.0,31.143,28.268,23.959,83.37
81,PIA,55.0,HARD,21.0,31.165,28.214,23.89,83.269
81,PIA,56.0,HARD,22.0,31.161,28.231,23.921,83.313
81,PIA,57.0,HARD,23.0,31.025,28.159,24.057,83.241
63,RUS,1.0,MEDIUM,2.0,,35.146,45.047,115.631
63,RUS,2.0,MEDIUM,3.0,54.918,43.501,42.956,141.375
63,RUS,3.0,MEDIUM,4.0,50.889,42.08,44.757,137.726
63,RUS,4.0,MEDIUM,5.0,46.522,42.581,60.088,149.191
63,RUS,5.0,MEDIUM,6.0,32.967,29.545,25.436,87.948
63,RUS,6.0,MEDIUM,7.0,32.451,29.125,25.221,86.797
63,RUS,7.0,MEDIUM,8.0,32.284,29.243,25.034,86.561
63,RUS,8.0,MEDIUM,9.0,32.234,29.171,25.028,86.433
63,RUS,9.0,MEDIUM,10.0,32.254,29.284,24.96,86.498
63,RUS,10.0,MEDIUM,11.0,32.098,29.229,24.947,86.274
63,RUS,11.0,MEDIUM,12.0,32.072,29.302,24.84,86.214
63,RUS,12.0,MEDIUM,13.0,32.066,29.146,24.777,85.989
63,RUS,13.0,MEDIUM,14.0,32.047,29.205,24.93,86.182
63,RUS,14.0,MEDIUM,15.0,32.109,29.222,24.909,86.24
63,RUS,15.0,MEDIUM,16.0,31.992,29.173,24.793,85.958
63,RUS,16.0,MEDIUM,17.0,31.894,29.209,24.919,86.022
63,RUS,17.0,MEDIUM,18.0,31.775,29.154,24.82,85.749
63,RUS,18.0,MEDIUM,19.0,31.739,29.093,24.728,85.56
63,RUS,19.0,MEDIUM,20.0,31.786,29.064,24.696,85.546
63,RUS,20.0,MEDIUM,21.0,31.789,29.138,24.833,85.76
63,RUS,21.0,MEDIUM,22.0,31.838,29.133,24.75,85.721
63,RUS,22.0,MEDIUM,23.0,31.808,29.077,24.691,85.576
63,RUS,23.0,MEDIUM,24.0,31.8,28.956,28.835,89.591
63,RUS,24.0,HARD,1.0,59.02,29.256,25.018,113.294
63,RUS,25.0,HARD,2.0,31.804,28.93,24.78,85.514
63,RUS,26.0,HARD,3.0,31.872,29.222,24.879,85.973
63,RUS,27.0,HARD,4.0,32.038,29.303,24.814,86.155
63,RUS,28.0,HARD,5.0,31.859,29.22,24.788,85.867
63,RUS,29.0,HARD,6.0,31.972,29.196,24.748,85.916
63,RUS,30.0,HARD,7.0,32.077,29.211,24.857,86.145
63,RUS,31.0,HARD,8.0,31.836,29.115,24.86,85.811
63,RUS,32.0,HARD,9.0,31.697,29.147,24.739,85.583
63,RUS,33.0,HARD,10.0,31.608,29.189,24.701,85.498
63,RUS,34.0,HARD,11.0,31.232,30.132,24.608,85.972
63,RUS,35.0,HARD,12.0,35.872,39.257,39.623,114.752
63,RUS,36.0,HARD,1.0,62.163,39.588,40.437,142.188
63,RUS,37.0,HARD,2.0,50.34,36.877,47.567,134.784
63,RUS,38.0,HARD,3.0,60.492,43.868,42.02,146.38
63,RUS,39.0,HARD,4.0,49.446,41.99,45.593,137.029
63,RUS,40.0,HARD,5.0,33.698,30.382,42.195,106.275
63,RUS,41.0,HARD,6.0,41.951,45.826,46.344,134.121
63,RUS,42.0,HARD,7.0,47.571,43.926,53.219,144.716
63,RUS,43.0,HARD,8.0,32.674,29.058,24.639,86.371
63,RUS,44.0,HARD,9.0,31.79,28.416,24.438,84.644
63,RUS,45.0,HARD,10.0,31.379,28.392,24.239,84.01
63,RUS,46.0,HARD,11.0,31.129,28.36,24.125,83.614
63,RUS,47.0,HARD,12.0,31.078,28.546,24.265,83.889
63,RUS,48.0,HARD,13.0,31.13,28.478,24.188,83.796
63,RUS,49.0,HARD,14.0,31.074,28.528,24.142,83.744
63,RUS,50.0,HARD,15.0,30.933,28.364,24.058,83.355
63,RUS,51.0,HARD,16.0,31.098,28.376,24.021,83.495
63,RUS,52.0,HARD,17.0,31.041,28.448,24.06,83.549
63,RUS,53.0,HARD,18.0,31.141,28.435,24.105,83.681
63,RUS,54.0,HARD,19.0,31.119,28.292,24.149,83.56
63,RUS,55.0,HARD,20.0,30.987,28.306,24.068,83.361
63,RUS,56.0,HARD,21.0,30.966,28.328,24.072,83.366
63,RUS,57.0,HARD,22.0,30.99,28.26,24.227,83.477
10,GAS,1.0,MEDIUM,1.0,,49.614,42.077,130.912
10,GAS,2.0,MEDIUM,2.0,51.905,45.644,46.258,143.807
10,GAS,3.0,MEDIUM,3.0,47.334,42.604,49.571,139.509
10,GAS,4.0,MEDIUM,4.0,40.906,40.187,51.995,133.088
10,GAS,5.0,MEDIUM,5.0,34.282,30.33,26.813,91.425
10,GAS,6.0,MEDIUM,6.0,32.726,29.765,25.927,88.418
10,GAS,7.0,MEDIUM,7.0,32.521,29.453,25.764,87.738
10,GAS,8.0,MEDIUM,8.0,32.603,29.575,25.703,87.881
10,GAS,9.0,MEDIUM,9.0,32.447,29.563,25.57,87.58
10,GAS,10.0,MEDIUM,10.0,32.868,29.806,25.598,88.272
10,GAS,11.0,MEDIUM,11.0,32.973,29.776,25.432,88.181
10,GAS,12.0,MEDIUM,12.0,32.795,29.655,25.377,87.827
10,GAS,13.0,MEDIUM,13.0,32.127,29.376,25.483,86.986
10,GAS,14.0,MEDIUM,14.0,32.414,29.277,25.32,87.011
10,GAS,15.0,MEDIUM,15.0,32.245,29.261,25.231,86.737
10,GAS,16.0,MEDIUM,16.0,32.303,29.209,25.188,86.7
10,GAS,17.0,MEDIUM,17.0,32.078,29.277,25.159,86.514
10,GAS,18.0,MEDIUM,18.0,32.118,29.355,25.221,86.694
10,GAS,19.0,MEDIUM,19.0,32.166,29.394,25.136,86.696
10,GAS,20.0,MEDIUM,20.0,32.071,29.356,24.942,86.369
10,GAS,21.0,MEDIUM,21.0,32.197,29.566,25.183,86.946
10,GAS,22.0,MEDIUM,22.0,32.1,29.201,25.152,86.453
10,GAS,23.0,MEDIUM,23.0,32.082,29.142,25.074,86.298
10,GAS,24.0,MEDIUM,24.0,32.077,29.163,24.995,86.235
10,GAS,25.0,MEDIUM,25.0,32.08,29.131,24.963,86.174
10,GAS,26.0,MEDIUM,26.0,31.97,29.155,24.995,86.12
10,GAS,27.0,MEDIUM,27.0,32.094,29.035,24.84,85.969
10,GAS,28.0,MEDIUM,28.0,31.861,28.868,24.804,85.533
10,GAS,29.0,MEDIUM,29.0,31.852,28.873,24.863,85.588
10,GAS,30.0,MEDIUM,30.0,31.754,28.826,24.764,85.344
10,GAS,31.0,MEDIUM,31.0,31.701,28.914,24.72,85.335
10,GAS,32.0,MEDIUM,32.0,31.803,28.863,24.665,85.331
10,GAS,33.0,MEDIUM,33.0,31.594,28.821,24.707,85.122
10,GAS,34.0,MEDIUM,34.0,31.639,29.087,24.896,85.622
10,GAS,35.0,MEDIUM,35.0,32.286,41.08,38.131,111.497
10,GAS,36.0,HARD,1.0,63.197,42.11,36.853,142.16
10,GAS,37.0,HARD,2.0,51.311,35.985,54.008,141.304
10,GAS,38.0,HARD,3.0,60.138,41.959,44.491,146.588
10,GAS,39.0,HARD,4.0,50.038,42.243,46.998,139.279
10,GAS,40.0,HARD,5.0,34.603,30.985,42.888,108.476
10,GAS,41.0,HARD,6.0,40.939,45.715,46.447,133.101
10,GAS,42.0,HARD,7.0,47.288,45.397,51.26,143.945
10,GAS,43.0,HARD,8.0,33.232,29.232,24.821,87.285
10,GAS,44.0,HARD,9.0,31.881,28.794,24.746,85.421
10,GAS,45.0,HARD,10.0,31.549,28.423,24.536,84.508
10,GAS,46.0,HARD,11.0,31.374,28.478,24.386,84.238
10,GAS,47.0,HARD,12.0,31.286,28.462,24.349,84.097
10,GAS,48.0,HARD,13.0,31.348,28.435,24.373,84.156
10,GAS,49.0,HARD,14.0,31.302,28.324,24.316,83.942
10,GAS,50.0,HARD,15.0,31.215,28.33,24.321,83.866
10,GAS,51.0,HARD,16.0,31.271,28.337,24.296,83.904
10,GAS,52.0,HARD,17.0,31.266,28.44,24.351,84.057
10,GAS,53.0,HARD,18.0,31.152,28.304,24.528,83.984
10,GAS,54.0,HARD,19.0,31.374,28.278,24.43,84.082
10,GAS,55.0,HARD,20.0,31.584,28.3,24.274,84.158
10,GAS,56.0,HARD,21.0,31.221,28.182,24.302,83.705
10,GAS,57.0,HARD,22.0,31.305,28.295,24.337,83.937
55,SAI,1.0,MEDIUM,2.0,,41.664,40.914,119.394
55,SAI,2.0,MEDIUM,3.0,53.921,45.223,44.163,143.307
55,SAI,3.0,MEDIUM,4.0,49.393,41.451,47.15,137.994
55,SAI,4.0,MEDIUM,5.0,44.971,41.855,57.661,144.487
55,SAI,5.0,MEDIUM,6.0,33.498,29.982,25.875,89.355
55,SAI,6.0,MEDIUM,7.0,32.591,29.395,25.648,87.634
55,SAI,7.0,MEDIUM,8.0,32.244,29.346,25.599,87.189
55,SAI,8.0,MEDIUM,9.0,32.107,29.58,25.455,87.142
55,SAI,9.0,MEDIUM,10.0,32.027,29.377,25.39,86.794
55,SAI,10.0,MEDIUM,11.0,31.986,29.252,25.228,86.466
55,SAI,11.0,MEDIUM,12.0,31.831,29.296,25.251,86.378
55,SAI,12.0,MEDIUM,13.0,31.923,29.244,25.056,86.223
55,SAI,13.0,MEDIUM,14.0,31.788,29.262,25.076,86.126
55,SAI,14.0,MEDIUM,15.0,31.844,29.312,25.034,86.19
55,SAI,15.0,MEDIUM,16.0,31.962,29.179,24.971,86.112
55,SAI,16.0,MEDIUM,17.0,31.909,29.162,24.816,85.887
55,SAI,17.0,MEDIUM,18.0,31.863,29.202,24.808,85.873
55,SAI,18.0,MEDIUM,19.0,31.738,29.076,24.754,85.568
55,SAI,19.0,MEDIUM,20.0,31.777,29.199,24.876,85.852
55,SAI,20.0,MEDIUM,21.0,31.816,29.021,24.722,85.559
55,SAI,21.0,MEDIUM,22.0,31.672,28.997,24.7,85.369
55,SAI,22.0,MEDIUM,23.0,31.729,28.943,24.681,85.353
55,SAI,23.0,MEDIUM,24.0,31.756,28.958,24.659,85.373
55,SAI,24.0,MEDIUM,25.0,31.713,28.899,24.667,85.279
55,SAI,25.0,MEDIUM,26.0,31.82,28.982,24.529,85.331
55,SAI,26.0,MEDIUM,27.0,31.622,28.938,24.57,85.13
55,SAI,27.0,MEDIUM,28.0,31.534,28.8,24.525,84.859
55,SAI,28.0,MEDIUM,29.0,31.693,28.865,24.586,85.144
55,SAI,29.0,MEDIUM,30.0,31.495,29.03,24.457,84.982
55,SAI,30.0,MEDIUM,31.0,31.783,28.908,24.544,85.235
55,SAI,31.0,MEDIUM,32.0,31.531,28.839,24.432,84.802
55,SAI,32.0,MEDIUM,33.0,31.637,28.787,24.461,84.885
55,SAI,33.0,MEDIUM,34.0,31.401,28.698,25.005,85.104
55,SAI,34.0,MEDIUM,35.0,34.218,32.651,40.827,107.696
55,SAI,35.0,HARD,1.0,71.118,41.569,35.677,148.364
55,SAI,36.0,HARD,2.0,43.903,40.57,38.836,123.309
55,SAI,37.0,HARD,3.0,51.246,35.466,46.69,133.402
55,SAI,38.0,HARD,4.0,60.529,43.638,42.563,146.73
55,SAI,39.0,HARD,5.0,48.984,41.813,44.978,135.775
55,SAI,40.0,HARD,6.0,34.222,32.581,43.495,110.298
55,SAI,41.0,HARD,7.0,39.37,46.628,47.055,133.053
55,SAI,42.0,HARD,8.0,46.27,45.331,50.449,142.05
55,SAI,43.0,HARD,9.0,33.276,29.527,24.883,87.686
55,SAI,44.0,HARD,10.0,31.838,28.886,24.512,85.236
55,SAI,45.0,HARD,11.0,31.617,28.598,24.392,84.607
55,SAI,46.0,HARD,12.0,31.379,28.537,24.254,84.17
55,SAI,47.0,HARD,13.0,31.475,28.665,24.305,84.445
55,SAI,48.0,HARD,14.0,31.316,28.513,24.265,84.094
55,SAI,49.0,HARD,15.0,31.125,28.561,24.204,83.89
55,SAI,50.0,HARD,16.0,31.088,28.615,24.155,83.858
55,SAI,51.0,HARD,17.0,31.148,28.477,25.297,84.922
55,SAI,52.0,HARD,18.0,31.095,28.401,23.969,83.465
55,SAI,53.0,HARD,19.0,31.118,28.38,24.122,83.62
55,SAI,54.0,HARD,20.0,31.066,28.556,24.123,83.745
55,SAI,55.0,HARD,21.0,31.654,28.669,24.236,84.559
55,SAI,56.0,HARD,22.0,31.024,28.489,24.031,83.544
55,SAI,57.0,HARD,23.0,31.154,28.709,24.042,83.905
14,ALO,1.0,MEDIUM,1.0,,43.423,41.864,123.172
14,ALO,2.0,MEDIUM,2.0,52.172,45.263,45.048,142.483
14,ALO,3.0,MEDIUM,3.0,49.19,42.378,46.647,138.215
14,ALO,4.0,MEDIUM,4.0,44.85,41.302,56.189,142.341
14,ALO,5.0,MEDIUM,5.0,34.531,30.144,27.711,92.386
14,ALO,6.0,MEDIUM,6.0,33.264,29.934,25.846,89.044
14,ALO,7.0,MEDIUM,7.0,32.52,29.757,25.78,88.057
14,ALO,8.0,MEDIUM,8.0,32.494,29.736,25.798,88.028
14,ALO,9.0,MEDIUM,9.0,32.349,29.734,25.561,87.644
14,ALO,10.0,MEDIUM,10.0,32.492,29.85,25.814,88.156
14,ALO,11.0,MEDIUM,11.0,32.643,29.833,25.777,88.253
14,ALO,12.0,MEDIUM,12.0,32.489,29.743,25.674,87.906
14,ALO,13.0,MEDIUM,13.0,32.408,29.686,25.627,87.721
14,ALO,14.0,MEDIUM,14.0,32.17,29.338,25.294,86.802
14,ALO,15.0,MEDIUM,15.0,32.234,29.352,25.114,86.7
14,ALO,16.0,MEDIUM,16.0,32.178,29.487,25.202,86.867
14,ALO,17.0,MEDIUM,17.0,32.103,29.401,25.183,86.687
14,ALO,18.0,MEDIUM,18.0,32.218,29.429,25.097,86.744
14,ALO,19.0,MEDIUM,19.0,32.251,29.308,25.07,86.629
14,ALO,20.0,MEDIUM,20.0,32.611,29.25,24.994,86.855
14,ALO,21.0,MEDIUM,21.0,32.063,29.23,25.077,86.37
14,ALO,22.0,MEDIUM,22.0,32.196,29.254,25.031,86.481
14,ALO,23.0,MEDIUM,23.0,32.213,29.155,24.9,86.268
14,ALO,24.0,MEDIUM,24.0,32.132,29.206,25.039,86.377
14,ALO,25.0,MEDIUM,25.0,32.13,29.167,24.948,86.245
14,ALO,26.0,MEDIUM,26.0,32.128,29.197,24.975,86.3
14,ALO,27.0,MEDIUM,27.0,32.079,29.18,24.826,86.085
14,ALO,28.0,MEDIUM,28.0,32.074,29.034,24.833,85.941
14,ALO,29.0,MEDIUM,29.0,31.975,29.152,24.83,85.957
14,ALO,30.0,MEDIUM,30.0,32.096,28.985,24.812,85.893
14,ALO,31.0,MEDIUM,31.0,31.995,28.952,24.777,85.724
14,ALO,32.0,MEDIUM,32.0,31.82,29.015,24.814,85.649
14,ALO,33.0,MEDIUM,33.0,31.928,29.116,24.753,85.797
14,ALO,34.0,MEDIUM,34.0,32.51,29.798,25.21,87.518
14,ALO,35.0,MEDIUM,35.0,36.154,40.874,38.069,115.097
14,ALO,36.0,HARD,1.0,65.532,39.666,41.164,146.362
14,ALO,37.0,MEDIUM,7.0,59.33,33.258,42.954,135.542
14,ALO,38.0,MEDIUM,8.0,61.55,39.836,43.084,144.47
14,ALO,39.0,MEDIUM,9.0,48.572,41.587,43.846,134.005
14,ALO,40.0,MEDIUM,10.0,33.278,35.263,42.728,111.269
14,ALO,41.0,MEDIUM,11.0,38.484,46.744,47.351,132.579
14,ALO,42.0,MEDIUM,12.0,46.528,45.192,49.112,140.832
14,ALO,43.0,MEDIUM,13.0,33.227,29.424,25.12,87.771
14,ALO,44.0,MEDIUM,14.0,31.96,28.773,24.744,85.477
14,ALO,45.0,MEDIUM,15.0,31.463,28.865,24.672,85.0
14,ALO,46.0,MEDIUM,16.0,31.225,28.649,24.566,84.44
14,ALO,47.0,MEDIUM,17.0,31.441,28.458,24.484,84.383
14,ALO,48.0,MEDIUM,18.0,31.319,28.604,24.549,84.472
14,ALO,49.0,MEDIUM,19.0,31.396,28.467,24.532,84.395
14,ALO,50.0,MEDIUM,20.0,31.296,28.362,24.399,84.057
14,ALO,51.0,MEDIUM,21.0,31.284,28.467,24.303,84.054
14,ALO,52.0,MEDIUM,22.0,31.379,28.462,24.355,84.196
14,ALO,53.0,MEDIUM,23.0,31.189,28.411,24.393,83.993
14,ALO,54.0,MEDIUM,24.0,31.183,28.371,24.317,83.871
14,ALO,55.0,MEDIUM,25.0,31.336,28.454,24.288,84.078
14,ALO,56.0,MEDIUM,26.0,31.186,28.377,24.322,83.885
14,ALO,57.0,MEDIUM,27.0,31.08,28.468,24.119,83.667
24,ZHO,1.0,MEDIUM,1.0,,50.928,40.013,134.044
24,ZHO,2.0,MEDIUM,2.0,52.61,46.103,47.148,145.861
24,ZHO,3.0,MEDIUM,3.0,46.014,43.116,49.201,138.331
24,ZHO,4.0,MEDIUM,4.0,40.445,39.521,50.329,130.295
24,ZHO,5.0,MEDIUM,5.0,33.499,30.341,26.677,90.517
24,ZHO,6.0,MEDIUM,6.0,33.397,29.958,25.903,89.258
24,ZHO,7.0,MEDIUM,7.0,32.625,29.704,25.727,88.056
24,ZHO,8.0,MEDIUM,8.0,32.515,29.871,25.983,88.369
24,ZHO,9.0,MEDIUM,9.0,32.435,29.713,25.93,88.078
24,ZHO,10.0,MEDIUM,10.0,32.373,29.569,25.701,87.643
24,ZHO,11.0,MEDIUM,11.0,32.388,29.993,25.783,88.164
24,ZHO,12.0,MEDIUM,12.0,32.537,29.677,25.759,87.973
24,ZHO,13.0,MEDIUM,13.0,32.277,29.668,25.714,87.659
24,ZHO,14.0,MEDIUM,14.0,32.454,30.022,25.433,87.909
24,ZHO,15.0,MEDIUM,15.0,32.122,29.452,25.45,87.024
24,ZHO,16.0,MEDIUM,16.0,32.399,29.337,25.429,87.165
24,ZHO,17.0,MEDIUM,17.0,32.354,29.38,25.513,87.247
24,ZHO,18.0,MEDIUM,18.0,32.334,29.295,25.391,87.02
24,ZHO,19.0,MEDIUM,19.0,32.262,29.298,25.328,86.888
24,ZHO,20.0,MEDIUM,20.0,32.256,29.107,25.246,86.609
24,ZHO,21.0,MEDIUM,21.0,32.36,29.11,25.124,86.594
24,ZHO,22.0,MEDIUM,22.0,32.239,29.067,25.122,86.428
24,ZHO,23.0,MEDIUM,23.0,32.111,28.945,25.07,86.126
24,ZHO,24.0,MEDIUM,24.0,32.121,29.041,25.235,86.397
24,ZHO,25.0,MEDIUM,25.0,32.125,29.001,25.065,86.191
24,ZHO,26.0,MEDIUM,26.0,32.051,28.911,24.966,85.928
24,ZHO,27.0,MEDIUM,27.0,31.999,28.911,25.002,85.912
24,ZHO,28.0,MEDIUM,28.0,31.944,28.972,25.0,85.916
24,ZHO,29.0,MEDIUM,29.0,32.071,28.919,24.989,85.979
24,ZHO,30.0,MEDIUM,30.0,31.982,28.948,24.919,85.849
24,ZHO,31.0,MEDIUM,31.0,32.025,28.911,24.963,85.899
24,ZHO,32.0,MEDIUM,32.0,31.916,28.906,25.027,85.849
24,ZHO,33.0,MEDIUM,33.0,31.901,28.87,24.888,85.659
24,ZHO,34.0,MEDIUM,34.0,31.832,29.17,24.935,85.937
24,ZHO,35.0,MEDIUM,35.0,36.988,40.39,38.514,115.892
24,ZHO,36.0,HARD,1.0,66.142,39.001,41.247,146.39
24,ZHO,37.0,HARD,2.0,51.665,31.286,46.713,129.664
24,ZHO,38.0,HARD,3.0,61.872,42.262,42.298,146.432
24,ZHO,39.0,HARD,4.0,48.588,41.459,45.459,135.506
24,ZHO,40.0,HARD,5.0,33.866,35.705,43.347,112.918
24,ZHO,41.0,HARD,6.0,37.986,46.567,47.85,132.403
24,ZHO,42.0,HARD,7.0,46.092,44.936,48.955,139.983
24,ZHO,43.0,HARD,8.0,33.327,29.55,25.134,88.011
24,ZHO,44.0,HARD,9.0,32.458,28.997,24.844,86.299
24,ZHO,45.0,HARD,10.0,31.832,28.547,24.762,85.141
24,ZHO,46.0,HARD,11.0,31.614,28.571,24.882,85.067
24,ZHO,47.0,HARD,12.0,31.722,28.447,24.767,84.936
24,ZHO,48.0,HARD,13.0,31.647,28.406,24.853,84.906
24,ZHO,49.0,HARD,14.0,31.499,28.327,24.841,84.667
24,ZHO,50.0,HARD,15.0,31.437,28.311,24.68,84.428
24,ZHO,51.0,HARD,16.0,31.414,28.346,24.665,84.425
24,ZHO,52.0,HARD,17.0,31.385,28.358,24.66,84.403
24,ZHO,53.0,HARD,18.0,31.396,28.314,24.584,84.294
24,ZHO,54.0,HARD,19.0,31.297,28.285,24.657,84.239
24,ZHO,55.0,HARD,20.0,31.227,28.2,24.611,84.038
24,ZHO,56.0,HARD,21.0,31.205,28.21,24.563,83.978
24,ZHO,57.0,HARD,22.0,31.204,28.217,24.468,83.889
20,MAG,1.0,MEDIUM,1.0,,49.468,41.81,129.92
20,MAG,2.0,MEDIUM,2.0,52.175,45.605,45.563,143.343
20,MAG,3.0,MEDIUM,3.0,47.731,42.078,48.888,138.697
20,MAG,4.0,MEDIUM,4.0,42.035,40.226,52.662,134.923
20,MAG,5.0,MEDIUM,5.0,34.322,30.27,26.298,90.89
20,MAG,6.0,MEDIUM,6.0,33.022,29.65,25.861,88.533
20,MAG,7.0,MEDIUM,7.0,32.646,29.479,25.95,88.075
20,MAG,8.0,MEDIUM,8.0,32.541,29.516,25.65,87.707
20,MAG,9.0,MEDIUM,9.0,32.338,29.526,25.531,87.395
20,MAG,10.0,MEDIUM,10.0,32.745,29.19,25.666,87.601
20,MAG,11.0,MEDIUM,11.0,32.941,29.409,26.149,88.499
20,MAG,12.0,MEDIUM,12.0,32.488,29.238,25.787,87.513
20,MAG,13.0,MEDIUM,13.0,32.394,29.371,25.556,87.321
20,MAG,14.0,MEDIUM,14.0,32.371,29.257,25.361,86.989
20,MAG,15.0,MEDIUM,15.0,32.317,29.294,25.3,86.911
20,MAG,16.0,MEDIUM,16.0,32.344,29.145,25.308,86.797
20,MAG,17.0,MEDIUM,17.0,32.144,29.116,25.39,86.65
20,MAG,18.0,MEDIUM,18.0,32.339,29.252,25.172,86.763
20,MAG,19.0,MEDIUM,19.0,32.133,29.33,25.144,86.607
20,MAG,20.0,MEDIUM,20.0,32.321,29.173,25.086,86.58
20,MAG,21.0,MEDIUM,21.0,32.224,29.107,25.129,86.46
20,MAG,22.0,MEDIUM,22.0,32.149,29.125,25.103,86.377
20,MAG,23.0,MEDIUM,23.0,32.019,28.95,25.268,86.237
20,MAG,24.0,MEDIUM,24.0,32.067,29.176,25.061,86.304
20,MAG,25.0,MEDIUM,25.0,32.077,29.031,24.998,86.106
20,MAG,26.0,MEDIUM,26.0,32.089,29.044,25.015,86.148
20,MAG,27.0,MEDIUM,27.0,32.083,28.962,29.005,90.05
20,MAG,28.0,HARD,1.0,54.765,28.955,25.133,108.853
20,MAG,29.0,HARD,2.0,31.988,28.769,24.925,85.682
20,MAG,30.0,HARD,3.0,31.958,28.727,24.917,85.602
20,MAG,31.0,HARD,4.0,31.727,28.722,24.858,85.307
20,MAG,32.0,HARD,5.0,31.832,28.899,25.146,85.877
20,MAG,33.0,HARD,6.0,32.06,28.789,24.731,85.58
20,MAG,34.0,HARD,7.0,31.775,28.915,25.447,86.137
20,MAG,35.0,HARD,8.0,46.169,39.347,35.135,120.651
20,MAG,36.0,HARD,9.0,46.145,40.052,39.329,125.526
20,MAG,37.0,HARD,10.0,54.136,33.331,42.607,130.074
20,MAG,38.0,HARD,11.0,62.659,39.293,44.824,146.776
20,MAG,39.0,HARD,12.0,47.015,41.312,43.694,132.021
20,MAG,40.0,HARD,13.0,33.574,36.165,43.302,113.041
20,MAG,41.0,HARD,14.0,37.548,46.89,49.102,133.54
20,MAG,42.0,HARD,15.0,45.344,44.445,48.587,138.376
20,MAG,43.0,HARD,16.0,34.114,29.393,25.507,89.014
20,MAG,44.0,HARD,17.0,32.162,29.054,25.044,86.26
20,MAG,45.0,HARD,18.0,31.806,28.985,24.993,85.784
20,MAG,46.0,HARD,19.0,32.106,28.853,24.864,85.823
20,MAG,47.0,HARD,20.0,31.881,28.827,24.834,85.542
20,MAG,48.0,HARD,21.0,31.791,28.917,24.852,85.56
20,MAG,49.0,HARD,22.0,31.389,28.513,24.701,84.603
20,MAG,50.0,HARD,23.0,31.56,28.398,24.626,84.584
20,MAG,51.0,HARD,24.0,31.483,28.476,24.599,84.558
20,MAG,52.0,HARD,25.0,31.545,28.468,24.58,84.593
20,MAG,53.0,HARD,26.0,31.61,28.405,24.467,84.482
20,MAG,54.0,HARD,27.0,31.613,28.247,24.571,84.431
20,MAG,55.0,HARD,28.0,31.439,28.326,24.494,84.259
20,MAG,56.0,HARD,29.0,31.536,28.436,24.769,84.741
20,MAG,57.0,HARD,30.0,31.591,28.431,24.805,84.827
4,NOR,1.0,MEDIUM,1.0,,31.553,46.998,113.635
4,NOR,2.0,MEDIUM,2.0,55.171,43.196,42.913,141.28
4,NOR,3.0,MEDIUM,3.0,50.544,42.564,44.514,137.622
4,NOR,4.0,MEDIUM,4.0,46.019,42.875,62.142,
4,NOR,5.0,MEDIUM,5.0,32.606,29.194,25.375,87.175
4,NOR,6.0,MEDIUM,6.0,32.328,29.196,25.159,86.683
4,NOR,7.0,MEDIUM,7.0,32.222,29.139,25.139,86.5
4,NOR,8.0,MEDIUM,8.0,32.481,29.203,24.984,86.668
4,NOR,9.0,MEDIUM,9.0,32.214,29.119,25.011,86.344
4,NOR,10.0,MEDIUM,10.0,32.027,29.102,24.843,85.972
4,NOR,11.0,MEDIUM,11.0,32.054,29.043,24.888,85.985
4,NOR,12.0,MEDIUM,12.0,31.955,29.104,24.754,85.813
4,NOR,13.0,MEDIUM,13.0,32.005,29.005,24.784,85.794
4,NOR,14.0,MEDIUM,14.0,32.036,29.092,24.796,85.924
4,NOR,15.0,MEDIUM,15.0,31.909,28.989,24.637,85.535
4,NOR,16.0,MEDIUM,16.0,31.863,28.986,24.659,85.508
4,NOR,17.0,MEDIUM,17.0,31.821,28.938,24.631,85.39
4,NOR,18.0,MEDIUM,18.0,31.834,28.832,24.587,85.253
4,NOR,19.0,MEDIUM,19.0,31.838,28.909,24.529,85.276
4,NOR,20.0,MEDIUM,20.0,31.692,28.834,24.491,85.017
4,NOR,21.0,MEDIUM,21.0,31.658,28.847,24.492,84.997
4,NOR,22.0,MEDIUM,22.0,31.62,28.839,24.406,84.865
4,NOR,23.0,MEDIUM,23.0,31.606,28.925,24.446,84.977
4,NOR,24.0,MEDIUM,24.0,31.585,28.692,24.393,84.67
4,NOR,25.0,MEDIUM,25.0,31.64,28.745,24.336,84.721
4,NOR,26.0,MEDIUM,26.0,31.558,28.677,24.302,84.537
4,NOR,27.0,MEDIUM,27.0,31.626,28.798,24.437,84.861
4,NOR,28.0,MEDIUM,28.0,31.576,28.672,24.503,84.751
4,NOR,29.0,MEDIUM,29.0,31.604,28.754,24.557,84.915
4,NOR,30.0,MEDIUM,30.0,31.432,28.743,24.381,84.556
4,NOR,31.0,MEDIUM,31.0,31.621,28.731,24.442,84.794
4,NOR,32.0,MEDIUM,32.0,31.481,28.725,24.444,84.65
4,NOR,33.0,MEDIUM,33.0,31.761,28.812,24.387,84.96
4,NOR,34.0,MEDIUM,34.0,31.516,28.655,24.391,84.562
4,NOR,35.0,MEDIUM,35.0,31.427,28.729,33.498,93.654
4,NOR,36.0,HARD,1.0,65.395,51.669,53.365,
4,NOR,37.0,HARD,2.0,71.133,44.823,51.334,
4,NOR,38.0,HARD,3.0,62.291,44.015,42.856,149.162
4,NOR,39.0,HARD,4.0,50.969,42.157,51.321,144.447
4,NOR,40.0,HARD,5.0,33.17,28.727,37.911,99.808
4,NOR,41.0,HARD,6.0,45.925,45.596,45.669,137.19
4,NOR,42.0,HARD,7.0,48.081,43.055,56.876,148.012
4,NOR,43.0,HARD,8.0,31.937,28.445,24.245,84.627
4,NOR,44.0,HARD,9.0,31.225,28.19,24.058,83.473
4,NOR,45.0,HARD,10.0,31.138,28.243,28.285,87.666
4,NOR,46.0,HARD,11.0,60.322,28.177,24.178,112.677
4,NOR,47.0,HARD,12.0,30.942,27.98,24.014,82.936
4,NOR,48.0,HARD,13.0,30.884,27.885,23.871,82.64
4,NOR,49.0,HARD,14.0,30.881,28.067,23.874,82.822
4,NOR,50.0,HARD,15.0,30.997,28.603,25.092,84.692
4,NOR,51.0,HARD,16.0,30.703,29.191,25.303,85.197
4,NOR,52.0,HARD,17.0,30.535,28.128,24.265,82.928
4,NOR,53.0,HARD,18.0,32.08,28.46,24.549,85.089
4,NOR,54.0,HARD,19.0,30.454,27.991,24.026,82.471
4,NOR,55.0,HARD,20.0,31.112,28.034,23.848,82.994
4,NOR,56.0,HARD,21.0,30.63,27.959,23.795,82.384
4,NOR,57.0,HARD,22.0,31.181,28.239,23.851,83.271
77,BOT,1.0,MEDIUM,1.0,,51.555,41.613,132.082
77,BOT,2.0,MEDIUM,2.0,52.671,45.267,46.474,144.412
77,BOT,3.0,MEDIUM,3.0,46.965,42.727,49.126,138.818
77,BOT,4.0,MEDIUM,4.0,41.084,39.977,51.386,132.447
77,BOT,5.0,MEDIUM,5.0,35.119,30.124,26.781,92.024
77,BOT,6.0,MEDIUM,6.0,33.365,29.917,26.118,89.4
77,BOT,7.0,MEDIUM,7.0,32.623,29.687,25.94,88.25
77,BOT,8.0,MEDIUM,8.0,32.733,29.804,25.964,88.501
77,BOT,9.0,MEDIUM,9.0,32.574,29.47,25.811,87.855
77,BOT,10.0,MEDIUM,10.0,32.276,29.546,25.895,87.717
77,BOT,11.0,MEDIUM,11.0,32.575,29.654,25.912,88.141
77,BOT,12.0,MEDIUM,12.0,32.415,29.669,25.758,87.842
77,BOT,13.0,MEDIUM,13.0,32.307,29.556,25.89,87.753
77,BOT,14.0,MEDIUM,14.0,32.261,29.757,25.772,87.79
77,BOT,15.0,MEDIUM,15.0,32.504,29.746,25.779,88.029
77,BOT,16.0,MEDIUM,16.0,32.424,29.829,25.707,87.96
77,BOT,17.0,MEDIUM,17.0,32.397,29.418,25.524,87.339
77,BOT,18.0,MEDIUM,18.0,32.273,29.638,25.578,87.489
77,BOT,19.0,MEDIUM,19.0,32.283,29.468,25.409,87.16
77,BOT,20.0,MEDIUM,20.0,31.951,29.069,25.275,86.295
77,BOT,21.0,MEDIUM,21.0,32.471,29.2,25.287,86.958
77,BOT,22.0,MEDIUM,22.0,32.403,28.974,25.466,86.843
77,BOT,23.0,MEDIUM,23.0,32.164,28.893,25.242,86.299
77,BOT,24.0,MEDIUM,24.0,32.155,28.917,29.47,90.542
77,BOT,25.0,HARD,1.0,55.973,29.604,25.917,111.494
77,BOT,26.0,HARD,2.0,32.552,28.907,25.62,87.079
77,BOT,27.0,HARD,3.0,32.341,28.847,25.502,86.69
77,BOT,28.0,HARD,4.0,32.166,30.163,27.077,89.406
77,BOT,29.0,HARD,5.0,32.47,29.061,25.399,86.93
77,BOT,30.0,HARD,6.0,32.248,28.923,25.29,86.461
77,BOT,31.0,HARD,7.0,32.158,28.844,25.286,86.288
77,BOT,32.0,HARD,8.0,32.599,29.064,26.984,88.647
77,BOT,33.0,HARD,9.0,33.872,29.234,25.355,88.461
77,BOT,34.0,HARD,10.0,32.133,28.771,36.611,97.515
77,BOT,35.0,HARD,11.0,46.342,49.205,54.583,
77,BOT,36.0,MEDIUM,9.0,74.313,44.771,51.976,
77,BOT,37.0,MEDIUM,10.0,61.88,31.989,26.164,120.033
77,BOT,38.0,MEDIUM,11.0,32.967,29.342,25.89,88.199
77,BOT,39.0,MEDIUM,12.0,32.545,29.116,28.131,89.792
77,BOT,40.0,MEDIUM,13.0,33.638,40.93,42.718,117.286
77,BOT,41.0,MEDIUM,14.0,36.243,44.564,51.914,132.721
77,BOT,42.0,MEDIUM,15.0,42.469,44.046,46.729,133.244
77,BOT,43.0,MEDIUM,16.0,33.469,29.589,25.328,88.386
77,BOT,44.0,MEDIUM,17.0,32.444,29.082,25.253,86.779
77,BOT,45.0,MEDIUM,18.0,31.949,28.989,25.358,86.296
77,BOT,46.0,MEDIUM,19.0,32.747,28.99,25.242,86.979
77,BOT,47.0,MEDIUM,20.0,32.097,28.76,25.063,85.92
77,BOT,48.0,MEDIUM,21.0,31.917,28.56,25.071,85.548
77,BOT,49.0,MEDIUM,22.0,31.878,28.614,25.147,85.639
77,BOT,50.0,MEDIUM,23.0,32.074,28.727,25.08,85.881
77,BOT,51.0,MEDIUM,24.0,32.051,29.052,25.249,86.352
77,BOT,52.0,MEDIUM,25.0,32.454,29.38,25.093,86.927
77,BOT,53.0,MEDIUM,26.0,31.701,28.884,24.948,85.533
77,BOT,54.0,MEDIUM,27.0,32.532,28.737,25.299,86.568
77,BOT,55.0,MEDIUM,28.0,32.111,28.72,25.22,86.051
77,BOT,56.0,MEDIUM,29.0,32.09,28.873,25.348,86.311
77,BOT,57.0,MEDIUM,30.0,32.162,28.983,25.869,87.014
44,HAM,1.0,MEDIUM,1.0,,46.494,39.496,124.279
44,HAM,2.0,MEDIUM,2.0,51.611,47.411,45.008,144.03
44,HAM,3.0,MEDIUM,3.0,48.143,42.042,48.745,138.93
44,HAM,4.0,MEDIUM,4.0,42.839,41.547,54.631,139.017
44,HAM,5.0,MEDIUM,5.0,33.659,29.868,25.946,89.473
44,HAM,6.0,MEDIUM,6.0,32.97,29.682,25.432,88.084
44,HAM,7.0,MEDIUM,7.0,32.693,29.58,25.599,87.872
44,HAM,8.0,MEDIUM,8.0,32.433,29.315,25.295,87.043
44,HAM,9.0,MEDIUM,9.0,32.145,29.622,25.216,86.983
44,HAM,10.0,MEDIUM,10.0,32.267,29.502,25.385,87.154
44,HAM,11.0,MEDIUM,11.0,32.191,29.467,25.158,86.816
44,HAM,12.0,MEDIUM,12.0,32.059,29.376,25.097,86.532
44,HAM,13.0,MEDIUM,13.0,32.117,29.438,24.959,86.514
44,HAM,14.0,MEDIUM,14.0,32.092,29.437,25.029,86.558
44,HAM,15.0,MEDIUM,15.0,32.072,29.467,25.261,86.8
44,HAM,16.0,MEDIUM,16.0,32.107,29.331,25.147,86.585
44,HAM,17.0,MEDIUM,17.0,32.009,29.246,25.021,86.276
44,HAM,18.0,MEDIUM,18.0,32.041,29.353,25.076,86.47
44,HAM,19.0,MEDIUM,19.0,32.121,29.213,24.989,86.323
44,HAM,20.0,MEDIUM,20.0,32.067,29.381,24.935,86.383
44,HAM,21.0,MEDIUM,21.0,32.018,29.17,24.838,86.026
44,HAM,22.0,MEDIUM,22.0,32.052,29.229,24.908,86.189
44,HAM,23.0,MEDIUM,23.0,31.914,29.031,24.673,85.618
44,HAM,24.0,MEDIUM,24.0,31.863,29.082,24.789,85.734
44,HAM,25.0,MEDIUM,25.0,31.727,28.943,24.708,85.378
44,HAM,26.0,MEDIUM,26.0,31.71,28.933,24.683,85.326
44,HAM,27.0,MEDIUM,27.0,31.702,28.875,24.65,85.227
44,HAM,28.0,MEDIUM,28.0,32.704,28.995,24.899,86.598
44,HAM,29.0,MEDIUM,29.0,31.763,28.813,24.674,85.25
44,HAM,30.0,MEDIUM,30.0,31.819,28.9,24.677,85.396
44,HAM,31.0,MEDIUM,31.0,31.677,28.965,24.63,85.272
44,HAM,32.0,MEDIUM,32.0,31.687,28.958,24.608,85.253
44,HAM,33.0,MEDIUM,33.0,31.663,28.928,25.122,85.713
44,HAM,34.0,MEDIUM,34.0,40.347,46.102,50.332,136.781
44,HAM,35.0,HARD,1.0,73.43,50.512,53.814,
44,HAM,36.0,HARD,2.0,73.376,45.48,51.119,
44,HAM,37.0,HARD,3.0,62.478,32.557,25.846,120.881
44,HAM,38.0,HARD,4.0,32.774,29.015,25.164,86.953
44,HAM,39.0,HARD,5.0,32.226,28.932,30.661,91.819
44,HAM,40.0,HARD,6.0,33.017,40.299,41.035,114.351
44,HAM,41.0,HARD,7.0,38.011,45.973,50.602,134.586
44,HAM,42.0,HARD,8.0,43.191,43.801,48.032,135.024
44,HAM,43.0,HARD,9.0,34.499,29.826,25.329,89.654
44,HAM,44.0,HARD,10.0,32.745,29.283,25.065,87.093
44,HAM,45.0,HARD,11.0,31.495,28.884,24.901,85.28
44,HAM,46.0,HARD,12.0,31.421,28.698,24.607,84.726
44,HAM,47.0,HARD,13.0,31.759,29.013,29.182,89.954
44,HAM,48.0,HARD,14.0,48.261,29.158,24.991,102.41
44,HAM,49.0,HARD,15.0,31.532,28.559,25.005,85.096
44,HAM,50.0,HARD,16.0,31.317,28.642,24.847,84.806
44,HAM,51.0,HARD,17.0,31.512,28.45,24.5,84.462
44,HAM,52.0,HARD,18.0,31.225,28.381,24.259,83.865
44,HAM,53.0,HARD,19.0,31.207,28.464,24.373,84.044
44,HAM,54.0,HARD,20.0,32.662,29.469,24.948,87.079
44,HAM,55.0,HARD,21.0,31.124,28.558,24.568,84.25
44,HAM,56.0,HARD,22.0,31.396,28.447,24.569,84.412
44,HAM,57.0,HARD,23.0,31.586,28.563,24.937,85.086
22,TSU,1.0,MEDIUM,1.0,,48.859,40.326,127.75
22,TSU,2.0,MEDIUM,2.0,51.071,47.577,44.703,143.351
22,TSU,3.0,MEDIUM,3.0,47.859,42.325,48.313,138.497
22,TSU,4.0,MEDIUM,4.0,42.169,42.128,52.672,136.969
22,TSU,5.0,MEDIUM,5.0,33.793,30.102,26.145,90.04
22,TSU,6.0,MEDIUM,6.0,33.185,29.78,25.714,88.679
22,TSU,7.0,MEDIUM,7.0,32.728,29.707,25.782,88.217
22,TSU,8.0,MEDIUM,8.0,32.831,29.455,25.451,87.737
22,TSU,9.0,MEDIUM,9.0,32.609,29.581,25.471,87.661
22,TSU,10.0,MEDIUM,10.0,33.831,29.783,25.592,89.206
22,TSU,11.0,MEDIUM,11.0,32.938,29.724,25.512,88.174
22,TSU,12.0,MEDIUM,12.0,32.689,29.775,25.446,87.91
22,TSU,13.0,MEDIUM,13.0,33.331,29.815,25.554,88.7
22,TSU,14.0,MEDIUM,14.0,33.385,29.895,25.552,88.832
22,TSU,15.0,MEDIUM,15.0,33.257,29.794,25.597,88.648
22,TSU,16.0,MEDIUM,16.0,32.548,29.587,25.5,87.635
22,TSU,17.0,MEDIUM,17.0,32.598,29.475,25.36,87.433
22,TSU,18.0,MEDIUM,18.0,32.583,29.445,25.546,87.574
22,TSU,19.0,MEDIUM,19.0,32.506,29.533,25.498,87.537
22,TSU,20.0,MEDIUM,20.0,33.132,29.546,25.569,88.247
22,TSU,21.0,MEDIUM,21.0,32.556,29.353,25.392,87.301
22,TSU,22.0,MEDIUM,22.0,32.489,29.263,25.41,87.162
22,TSU,23.0,MEDIUM,23.0,32.421,29.362,25.356,87.139
22,TSU,24.0,MEDIUM,24.0,32.453,29.217,25.366,87.036
22,TSU,25.0,MEDIUM,25.0,32.471,29.141,25.363,86.975
22,TSU,26.0,MEDIUM,26.0,32.387,29.05,25.288,86.725
22,TSU,27.0,MEDIUM,27.0,32.309,28.979,25.217,86.505
22,TSU,28.0,MEDIUM,28.0,32.321,28.988,25.151,86.46
22,TSU,29.0,MEDIUM,29.0,32.313,29.013,25.179,86.505
22,TSU,30.0,MEDIUM,30.0,32.684,29.088,25.14,86.912
22,TSU,31.0,MEDIUM,31.0,32.247,29.01,25.112,86.369
22,TSU,32.0,MEDIUM,32.0,32.323,28.946,25.187,86.456
22,TSU,33.0,MEDIUM,33.0,32.243,28.958,25.318,86.519
22,TSU,34.0,MEDIUM,34.0,32.266,28.905,25.159,86.33
22,TSU,35.0,MEDIUM,35.0,44.707,39.885,37.27,121.862
22,TSU,36.0,HARD,1.0,64.359,42.519,36.364,143.242
22,TSU,37.0,HARD,2.0,50.636,30.124,38.236,118.996
22,TSU,38.0,HARD,3.0,62.733,39.584,44.465,146.782
22,TSU,39.0,HARD,4.0,45.25,43.191,41.306,129.747
22,TSU,40.0,HARD,5.0,33.78,39.825,45.636,119.241
22,TSU,41.0,SOFT,1.0,57.858,34.553,42.567,134.978
22,TSU,42.0,SOFT,2.0,43.109,44.75,43.842,131.701
22,TSU,43.0,SOFT,3.0,33.602,29.465,25.622,88.689
22,TSU,44.0,SOFT,4.0,32.692,29.265,25.231,87.188
22,TSU,45.0,SOFT,5.0,32.804,29.035,24.959,86.798
22,TSU,46.0,SOFT,6.0,32.178,29.054,25.135,86.367
22,TSU,47.0,SOFT,7.0,32.121,29.006,25.017,86.144
22,TSU,48.0,SOFT,8.0,32.258,28.935,24.961,86.154
22,TSU,49.0,SOFT,9.0,32.195,28.937,25.148,86.28
22,TSU,50.0,SOFT,10.0,32.422,29.118,25.49,87.03
22,TSU,51.0,SOFT,11.0,32.532,29.267,25.502,87.301
22,TSU,52.0,SOFT,12.0,33.009,29.386,25.385,87.78
22,TSU,53.0,SOFT,13.0,32.635,29.29,25.458,87.383
22,TSU,54.0,SOFT,14.0,32.574,29.367,25.396,87.337
22,TSU,55.0,SOFT,15.0,32.705,29.394,25.334,87.433
22,TSU,56.0,SOFT,16.0,33.092,29.287,25.295,87.674
22,TSU,57.0,SOFT,17.0,32.655,29.067,25.403,87.125
30,LAW,1.0,MEDIUM,1.0,,51.884,42.056,133.331
30,LAW,2.0,MEDIUM,2.0,52.159,46.253,46.885,145.297
30,LAW,3.0,MEDIUM,3.0,46.035,43.084,49.277,138.396
30,LAW,4.0,MEDIUM,4.0,40.258,40.332,50.26,130.85
30,LAW,5.0,MEDIUM,5.0,41.409,30.011,25.93,97.35
30,LAW,6.0,MEDIUM,6.0,32.871,30.222,26.455,89.548
30,LAW,7.0,MEDIUM,7.0,32.572,29.855,25.738,88.165
30,LAW,8.0,MEDIUM,8.0,32.805,29.73,25.624,88.159
30,LAW,9.0,MEDIUM,9.0,32.56,29.537,25.563,87.66
30,LAW,10.0,MEDIUM,10.0,32.954,29.705,25.55,88.209
30,LAW,11.0,MEDIUM,11.0,32.773,29.68,25.584,88.037
30,LAW,12.0,MEDIUM,12.0,32.697,29.903,25.51,88.11
30,LAW,13.0,MEDIUM,13.0,32.963,29.714,25.598,88.275
30,LAW,14.0,MEDIUM,14.0,32.774,29.518,25.411,87.703
30,LAW,15.0,MEDIUM,15.0,32.924,29.44,25.328,87.692
30,LAW,16.0,MEDIUM,16.0,32.646,29.544,25.324,87.514
30,LAW,17.0,MEDIUM,17.0,32.509,29.549,25.353,87.411
30,LAW,18.0,MEDIUM,18.0,32.616,29.493,25.253,87.362
30,LAW,19.0,MEDIUM,19.0,32.561,29.469,25.258,87.288
30,LAW,20.0,MEDIUM,20.0,32.526,29.382,25.203,87.111
30,LAW,21.0,MEDIUM,21.0,32.538,29.302,25.303,87.143
30,LAW,22.0,MEDIUM,22.0,32.501,29.32,25.286,87.107
30,LAW,23.0,MEDIUM,23.0,32.441,29.254,25.191,86.886
30,LAW,24.0,MEDIUM,24.0,32.402,29.347,25.27,87.019
30,LAW,25.0,MEDIUM,25.0,32.486,29.31,25.249,87.045
30,LAW,26.0,MEDIUM,26.0,32.454,29.289,25.172,86.915
30,LAW,27.0,MEDIUM,27.0,32.247,29.162,25.151,86.56
30,LAW,28.0,MEDIUM,28.0,32.184,29.167,25.182,86.533
30,LAW,29.0,MEDIUM,29.0,32.275,29.081,25.09,86.446
30,LAW,30.0,MEDIUM,30.0,32.288,29.243,25.111,86.642
30,LAW,31.0,MEDIUM,31.0,32.084,29.079,25.079,86.242
30,LAW,32.0,MEDIUM,32.0,32.071,29.171,25.022,86.264
30,LAW,33.0,MEDIUM,33.0,32.218,29.019,24.982,86.219
30,LAW,34.0,MEDIUM,34.0,32.022,29.068,25.104,86.194
30,LAW,35.0,MEDIUM,35.0,46.075,38.762,38.368,123.205
30,LAW,36.0,HARD,1.0,81.564,39.554,38.318,
30,LAW,37.0,HARD,2.0,52.658,31.361,31.72,115.739
30,LAW,38.0,HARD,3.0,55.613,34.698,43.986,134.297
30,LAW,39.0,HARD,4.0,42.831,44.225,38.647,125.703
30,LAW,40.0,HARD,5.0,34.24,40.235,46.172,120.647
30,LAW,41.0,SOFT,1.0,64.095,31.536,40.286,135.917
30,LAW,42.0,SOFT,2.0,42.427,42.278,44.054,128.759
30,LAW,43.0,SOFT,3.0,33.678,30.008,25.384,89.07
30,LAW,44.0,SOFT,4.0,33.126,29.255,25.219,87.6
30,LAW,45.0,SOFT,5.0,32.096,29.144,24.967,86.207
30,LAW,46.0,SOFT,6.0,31.999,29.18,24.897,86.076
30,LAW,47.0,SOFT,7.0,32.211,29.244,24.969,86.424
30,LAW,48.0,SOFT,8.0,32.253,29.162,24.954,86.369
30,LAW,49.0,SOFT,9.0,32.391,29.27,25.092,86.753
30,LAW,50.0,SOFT,10.0,32.82,29.545,25.272,87.637
30,LAW,51.0,SOFT,11.0,33.429,29.504,25.312,88.245
30,LAW,52.0,SOFT,12.0,33.05,29.374,25.188,87.612
30,LAW,53.0,SOFT,13.0,33.036,29.22,25.265,87.521
30,LAW,54.0,SOFT,14.0,33.136,29.133,25.421,87.69
30,LAW,55.0,SOFT,15.0,33.126,29.318,25.096,87.54
30,LAW,56.0,SOFT,16.0,32.36,29.016,24.951,86.327
30,LAW,57.0,SOFT,17.0,32.343,29.107,25.072,86.522
23,ALB,1.0,MEDIUM,1.0,,52.8,37.468,135.384
23,ALB,2.0,MEDIUM,2.0,52.552,45.611,48.133,146.296
23,ALB,3.0,MEDIUM,3.0,44.799,43.538,49.133,137.47
23,ALB,4.0,MEDIUM,4.0,40.208,40.041,49.578,129.827
23,ALB,5.0,MEDIUM,5.0,34.065,30.574,26.507,91.146
23,ALB,6.0,MEDIUM,6.0,33.65,30.128,26.143,89.921
23,ALB,7.0,MEDIUM,7.0,32.674,29.779,26.075,88.528
23,ALB,8.0,MEDIUM,8.0,32.96,29.674,25.865,88.499
23,ALB,9.0,MEDIUM,9.0,32.629,29.653,25.756,88.038
23,ALB,10.0,MEDIUM,10.0,32.568,29.482,25.731,87.781
23,ALB,11.0,MEDIUM,11.0,33.813,29.794,25.645,89.252
23,ALB,12.0,MEDIUM,12.0,32.462,29.438,25.399,87.299
23,ALB,13.0,MEDIUM,13.0,32.623,29.656,25.492,87.771
23,ALB,14.0,MEDIUM,14.0,32.461,29.63,25.434,87.525
23,ALB,15.0,MEDIUM,15.0,32.741,29.59,25.462,87.793
23,ALB,16.0,MEDIUM,16.0,32.583,29.475,25.542,87.6
23,ALB,17.0,MEDIUM,17.0,32.371,29.673,25.512,87.556
23,ALB,18.0,MEDIUM,18.0,32.514,29.439,25.368,87.321
23,ALB,19.0,MEDIUM,19.0,32.449,29.529,25.45,87.428
23,ALB,20.0,MEDIUM,20.0,32.529,29.461,25.357,87.347
23,ALB,21.0,MEDIUM,21.0,32.563,29.492,25.365,87.42
23,ALB,22.0,MEDIUM,22.0,32.245,29.472,25.416,87.133
23,ALB,23.0,MEDIUM,23.0,32.227,29.395,25.329,86.951
23,ALB,24.0,MEDIUM,24.0,32.288,29.374,25.306,86.968
23,ALB,25.0,MEDIUM,25.0,32.322,29.45,25.226,86.998
23,ALB,26.0,MEDIUM,26.0,32.188,29.34,25.246,86.774
23,ALB,27.0,MEDIUM,27.0,32.134,29.278,25.251,86.663
23,ALB,28.0,MEDIUM,28.0,32.077,29.303,25.173,86.553
23,ALB,29.0,MEDIUM,29.0,31.943,29.317,25.135,86.395
23,ALB,30.0,MEDIUM,30.0,32.26,29.352,25.096,86.708
23,ALB,31.0,MEDIUM,31.0,32.01,29.313,25.067,86.39
23,ALB,32.0,MEDIUM,32.0,32.084,29.303,25.185,86.572
23,ALB,33.0,MEDIUM,33.0,32.044,29.214,25.045,86.303
23,ALB,34.0,MEDIUM,34.0,32.098,29.334,26.276,87.708
23,ALB,35.0,MEDIUM,35.0,43.962,40.382,37.573,121.917
23,ALB,36.0,SOFT,1.0,64.975,40.763,37.001,142.739
23,ALB,37.0,SOFT,2.0,51.519,30.969,36.115,118.603
23,ALB,38.0,SOFT,3.0,63.306,38.621,44.374,146.301
23,ALB,39.0,SOFT,4.0,45.3,42.894,40.864,129.058
23,ALB,40.0,SOFT,5.0,33.36,36.444,44.23,114.034
23,ALB,41.0,SOFT,6.0,39.137,44.927,50.001,134.065
23,ALB,42.0,SOFT,7.0,44.481,43.92,48.082,136.483
23,ALB,43.0,SOFT,8.0,33.312,29.509,25.147,87.968
23,ALB,44.0,SOFT,9.0,32.631,28.996,24.897,86.524
23,ALB,45.0,SOFT,10.0,31.895,28.934,25.015,85.844
23,ALB,46.0,SOFT,11.0,31.968,28.747,24.986,85.701
23,ALB,47.0,SOFT,12.0,31.787,28.85,24.922,85.559
23,ALB,48.0,SOFT,13.0,31.969,28.869,24.913,85.751
23,ALB,49.0,SOFT,14.0,32.834,29.142,25.246,87.222
23,ALB,50.0,SOFT,15.0,32.254,29.219,25.308,86.781
23,ALB,51.0,SOFT,16.0,32.285,29.154,25.221,86.66
23,ALB,52.0,SOFT,17.0,32.736,29.25,25.524,87.51
23,ALB,53.0,SOFT,18.0,34.087,30.446,25.788,90.321
23,ALB,54.0,SOFT,19.0,32.944,29.666,25.557,88.167
23,ALB,55.0,SOFT,20.0,32.674,29.695,29.854,92.223
23,ALB,56.0,SOFT,1.0,69.931,28.523,25.089,123.543
27,HUL,1.0,HARD,1.0,,45.701,56.009,165.271
27,HUL,2.0,HARD,1.0,66.748,31.654,28.67,127.072
27,HUL,3.0,HARD,2.0,37.621,42.994,51.024,131.639
27,HUL,4.0,HARD,3.0,40.426,38.518,47.136,126.08
27,HUL,5.0,HARD,4.0,33.581,30.913,27.063,91.557
27,HUL,6.0,HARD,5.0,33.505,30.461,26.716,90.682
27,HUL,7.0,HARD,6.0,32.643,29.827,26.182,88.652
27,HUL,8.0,HARD,7.0,32.502,29.712,26.204,88.418
27,HUL,9.0,HARD,8.0,32.529,29.559,25.724,87.812
27,HUL,10.0,HARD,9.0,32.533,29.763,25.99,88.286
27,HUL,11.0,HARD,10.0,32.582,29.596,25.853,88.031
27,HUL,12.0,HARD,11.0,32.846,29.583,25.8,88.229
27,HUL,13.0,HARD,12.0,32.614,29.596,25.698,87.908
27,HUL,14.0,HARD,13.0,32.342,29.422,25.678,87.442
27,HUL,15.0,HARD,14.0,32.499,29.349,25.384,87.232
27,HUL,16.0,HARD,15.0,32.179,29.349,25.369,86.897
27,HUL,17.0,HARD,16.0,32.462,29.582,25.437,87.481
27,HUL,18.0,HARD,17.0,32.427,29.662,25.719,87.808
27,HUL,19.0,HARD,18.0,32.315,29.352,25.56,87.227
27,HUL,20.0,HARD,19.0,32.303,29.409,25.525,87.237
27,HUL,21.0,HARD,20.0,32.394,29.443,25.49,87.327
27,HUL,22.0,HARD,21.0,32.172,29.483,25.559,87.214
27,HUL,23.0,HARD,22.0,32.384,29.348,25.568,87.3
27,HUL,24.0,HARD,23.0,32.184,29.449,25.388,87.021
27,HUL,25.0,HARD,24.0,32.153,29.234,25.26,86.647
27,HUL,26.0,HARD,25.0,32.119,29.23,25.219,86.568
27,HUL,27.0,HARD,26.0,32.149,29.316,25.272,86.737
27,HUL,28.0,HARD,27.0,31.938,29.04,25.257,86.235
27,HUL,29.0,HARD,28.0,31.932,29.268,25.134,86.334
27,HUL,30.0,HARD,29.0,32.097,29.346,25.152,86.595
27,HUL,31.0,HARD,30.0,31.925,29.309,29.533,90.767
27,HUL,32.0,MEDIUM,1.0,53.481,28.362,24.998,106.841
27,HUL,33.0,MEDIUM,2.0,32.106,28.536,25.125,85.767
27,HUL,34.0,MEDIUM,3.0,31.782,28.736,34.171,94.689
27,HUL,35.0,MEDIUM,4.0,43.62,40.474,34.695,118.789
27,HUL,36.0,MEDIUM,5.0,37.49,42.059,36.586,116.135
27,HUL,37.0,MEDIUM,6.0,50.074,31.828,37.725,119.627
27,HUL,38.0,MEDIUM,7.0,62.078,39.474,43.42,144.972
27,HUL,39.0,MEDIUM,8.0,44.33,43.88,39.772,127.982
27,HUL,40.0,MEDIUM,9.0,,,,
11,PER,1.0,MEDIUM,1.0,,42.56,40.288,120.204
11,PER,2.0,MEDIUM,2.0,53.741,45.239,44.728,143.708
11,PER,3.0,MEDIUM,3.0,49.406,42.649,46.212,138.267
11,PER,4.0,MEDIUM,4.0,45.073,41.641,56.859,143.573
11,PER,5.0,MEDIUM,5.0,33.672,29.885,25.993,89.55
11,PER,6.0,MEDIUM,6.0,32.778,29.661,25.388,87.827
11,PER,7.0,MEDIUM,7.0,32.316,29.518,25.446,87.28
11,PER,8.0,MEDIUM,8.0,32.519,29.637,25.247,87.403
11,PER,9.0,MEDIUM,9.0,32.461,29.477,25.186,87.124
11,PER,10.0,MEDIUM,10.0,32.34,29.425,25.119,86.884
11,PER,11.0,MEDIUM,11.0,32.379,29.36,25.049,86.788
11,PER,12.0,MEDIUM,12.0,32.426,29.329,24.974,86.729
11,PER,13.0,MEDIUM,13.0,32.274,29.379,24.978,86.631
11,PER,14.0,MEDIUM,14.0,32.263,29.275,24.945,86.483
11,PER,15.0,MEDIUM,15.0,32.284,29.198,24.927,86.409
11,PER,16.0,MEDIUM,16.0,32.28,29.198,24.881,86.359
11,PER,17.0,MEDIUM,17.0,32.118,29.093,24.718,85.929
11,PER,18.0,MEDIUM,18.0,32.267,29.236,24.952,86.455
11,PER,19.0,MEDIUM,19.0,32.072,29.239,24.841,86.152
11,PER,20.0,MEDIUM,20.0,32.125,29.157,24.767,86.049
11,PER,21.0,MEDIUM,21.0,31.925,29.076,24.713,85.714
11,PER,22.0,MEDIUM,22.0,32.082,29.119,24.772,85.973
11,PER,23.0,MEDIUM,23.0,32.046,29.072,24.732,85.85
11,PER,24.0,MEDIUM,24.0,31.963,28.998,24.681,85.642
11,PER,25.0,MEDIUM,25.0,31.827,29.031,24.64,85.498
11,PER,26.0,MEDIUM,26.0,31.881,28.926,24.651,85.458
11,PER,27.0,MEDIUM,27.0,31.926,28.939,24.711,85.576
11,PER,28.0,MEDIUM,28.0,31.939,28.956,24.66,85.555
11,PER,29.0,MEDIUM,29.0,31.858,28.976,24.673,85.507
11,PER,30.0,MEDIUM,30.0,31.814,28.902,24.693,85.409
11,PER,31.0,MEDIUM,31.0,31.815,28.867,24.606,85.288
11,PER,32.0,MEDIUM,32.0,31.747,29.023,24.62,85.39
11,PER,33.0,MEDIUM,33.0,31.709,29.059,24.614,85.382
11,PER,34.0,MEDIUM,34.0,31.797,28.987,25.716,86.5
11,PER,35.0,MEDIUM,35.0,31.92,36.891,37.825,106.636
11,PER,36.0,HARD,1.0,62.67,47.711,33.261,143.642
11,PER,37.0,HARD,2.0,60.593,44.367,53.33,
11,PER,38.0,HARD,3.0,61.55,41.635,43.878,147.063
11,PER,39.0,HARD,4.0,,,,
18,STR,1.0,MEDIUM,1.0,,51.899,41.483,136.793
18,STR,2.0,HARD,1.0,64.417,34.856,47.826,147.099
18,STR,3.0,HARD,2.0,44.903,42.636,49.381,136.92
18,STR,4.0,HARD,3.0,40.803,39.847,48.45,129.1
18,STR,5.0,HARD,4.0,36.05,30.574,26.899,93.523
18,STR,6.0,HARD,5.0,34.1,30.223,26.612,90.935
18,STR,7.0,HARD,6.0,34.402,30.3,31.628,96.33
18,STR,8.0,HARD,1.0,71.374,32.672,36.816,140.862
43,COL,0.0,UNKNOWN,1.0,,,,
31,OCO,0.0,UNKNOWN,1.0,,,,
